persona_id,model,base_model,country,sex,age_group,education,base_w1,post_w1_norm,delta_w1,pct_change,base_ci_lower,base_ci_upper,post_w1_ci_lower,post_w1_ci_upper
CHN_Female_18-29_Higher,bielik_lora,bielik,CHN,Female,18-29,Higher,0.1105555555555555,0.12833333333333333,0.017777777777777823,16.0804020100503,0.09180555555555552,0.1358333333333333,0.11166666666666665,0.14430555555555558
CHN_Female_18-29_Higher,qwen_lora,qwen,CHN,Female,18-29,Higher,0.18333333333333332,0.29583333333333334,0.11250000000000002,61.363636363636374,0.16944444444444445,0.19791666666666663,0.26317708333333334,0.3256944444444444
CHN_Female_18-29_Lower,bielik_lora,bielik,CHN,Female,18-29,Lower,0.20451388888888888,0.19076388888888887,-0.013750000000000012,-6.723259762309004,0.15238715277777776,0.2652777777777778,0.15951388888888887,0.22722222222222221
CHN_Female_18-29_Lower,qwen_lora,qwen,CHN,Female,18-29,Lower,0.3211805555555556,0.46743055555555557,0.14625,45.53513513513513,0.2760416666666667,0.3611111111111111,0.4153038194444445,0.5195138888888889
CHN_Female_18-29_Medium,bielik_lora,bielik,CHN,Female,18-29,Medium,0.15143790855555556,0.12568627477777777,-0.025751633777777783,-17.00474737362785,0.11483660130718952,0.19627450980392155,0.0995424836601307,0.15705882352941172
CHN_Female_18-29_Medium,qwen_lora,qwen,CHN,Female,18-29,Medium,0.2640522878888889,0.3748366014444444,0.11078431355555551,41.95544543138845,0.2300326797385621,0.29934640522875816,0.32908496732026143,0.4166666666666667
CHN_Female_30-49_Higher,bielik_lora,bielik,CHN,Female,30-49,Higher,0.16923976533333335,0.20304093511111113,0.03380116977777778,19.972356798771997,0.13926900584795326,0.19921052631578948,0.18328581871345023,0.22352704678362573
CHN_Female_30-49_Higher,qwen_lora,qwen,CHN,Female,30-49,Higher,0.32748537977777775,0.4281286551111111,0.10064327533333334,30.73214303540115,0.30116959064327486,0.35235745614035086,0.39302266081871345,0.46175438596491225
CHN_Female_30-49_Lower,bielik_lora,bielik,CHN,Female,30-49,Lower,0.20174435733333335,0.22406039333333336,0.02231603600000001,11.061541594012567,0.17917033128114923,0.22226619759601293,0.2085224274406333,0.2393125183230724
CHN_Female_30-49_Lower,qwen_lora,qwen,CHN,Female,30-49,Lower,0.4778657286666667,0.507991791111111,0.030126062444444324,6.304294415190974,0.456171210788625,0.4989812371738492,0.4827719143946057,0.532332160656699
CHN_Female_30-49_Medium,bielik_lora,bielik,CHN,Female,30-49,Medium,0.20556894244444449,0.21776439066666667,0.012195448222222183,5.932534398048982,0.17344042838018744,0.24173025435073628,0.19299129852744312,0.24119143239625165
CHN_Female_30-49_Medium,qwen_lora,qwen,CHN,Female,30-49,Medium,0.47724230222222225,0.47502007999999996,-0.002222222222222292,-0.46563814898108935,0.44375836680053543,0.5093708165997323,0.44289156626506027,0.5084872824631861
CHN_Female_50-64_Higher,bielik_lora,bielik,CHN,Female,50-64,Higher,0.238989899,0.23040404055555555,-0.008585858444444455,-3.592561225545543,0.13292929292929298,0.38222222222222224,0.1798989898989899,0.2902222222222222
CHN_Female_50-64_Higher,qwen_lora,qwen,CHN,Female,50-64,Higher,0.4393939396666667,0.43828282855555556,-0.0011111111111111183,-0.25287356306143643,0.33838383838383845,0.5353535353535354,0.3320959595959596,0.5392929292929293
CHN_Female_50-64_Lower,bielik_lora,bielik,CHN,Female,50-64,Lower,0.2099999998888889,0.3075308643333333,0.09753086444444442,46.44326880764193,0.18253086419753087,0.23592592592592596,0.2899228395061728,0.324212962962963
CHN_Female_50-64_Lower,qwen_lora,qwen,CHN,Female,50-64,Lower,0.5000000001111111,0.5783950618888889,0.07839506177777777,15.67901235207133,0.47714506172839505,0.5216049382716049,0.5503009259259259,0.6067978395061728
CHN_Female_50-64_Medium,bielik_lora,bielik,CHN,Female,50-64,Medium,0.19921921833333336,0.30615615566666665,0.10693693733333329,53.67802274698544,0.1466666666666667,0.25627627627627625,0.27612612612612614,0.3331831831831832
CHN_Female_50-64_Medium,qwen_lora,qwen,CHN,Female,50-64,Medium,0.5195195194444444,0.6006006007777778,0.08108108133333336,15.606936466995228,0.4684684684684685,0.5660660660660661,0.540503003003003,0.6591591591591591
CHN_Female_65+_Lower,bielik_lora,bielik,CHN,Female,65+,Lower,0.21935185200000001,0.3557098764444444,0.1363580244444444,62.16406344471821,0.16377700617283952,0.27490740740740743,0.3194444444444444,0.391994598765432
CHN_Female_65+_Lower,qwen_lora,qwen,CHN,Female,65+,Lower,0.46515432088888886,0.5595987653333334,0.09444444444444455,20.30389490179635,0.41806712962962966,0.5114699074074073,0.5086342592592592,0.6143827160493827
CHN_Female_65+_Medium,bielik_lora,bielik,CHN,Female,65+,Medium,0.2548148151111111,0.29851851844444444,0.043703703333333344,17.15116262540563,0.09740740740740744,0.4911111111111111,0.18253703703703703,0.41894444444444434
CHN_Female_65+_Medium,qwen_lora,qwen,CHN,Female,65+,Medium,0.4737037035555556,0.5337037035555556,0.06000000000000005,12.666145430075426,0.33169444444444446,0.6125925925925926,0.3948148148148148,0.6725925925925925
CHN_Male_18-29_Higher,bielik_lora,bielik,CHN,Male,18-29,Higher,0.16154826944444442,0.18151183966666665,0.019963570222222227,12.357650311498752,0.1314936247723133,0.1952459016393443,0.16056466302367942,0.19972677595628413
CHN_Male_18-29_Higher,qwen_lora,qwen,CHN,Male,18-29,Higher,0.21948998166666664,0.3942987252222222,0.17480874355555556,79.64315374586562,0.195787795992714,0.24408014571949,0.36242258652094717,0.42617486338797816
CHN_Male_18-29_Lower,bielik_lora,bielik,CHN,Male,18-29,Lower,0.148253968,0.18095238066666666,0.03269841266666665,22.055674534570734,0.09269841269841272,0.21703703703703703,0.1412698412698413,0.22328042328042327
CHN_Male_18-29_Lower,qwen_lora,qwen,CHN,Male,18-29,Lower,0.3280423277777778,0.5012698411111111,0.17322751333333325,52.8064516877471,0.27777777777777785,0.3756613756613757,0.43777777777777777,0.5568703703703705
CHN_Male_18-29_Medium,bielik_lora,bielik,CHN,Male,18-29,Medium,0.15083333333333332,0.15527777777777776,0.004444444444444445,2.9465930018416215,0.11611111111111112,0.18694444444444444,0.12611111111111112,0.19277777777777777
CHN_Male_18-29_Medium,qwen_lora,qwen,CHN,Male,18-29,Medium,0.2486111111111111,0.41083333333333333,0.16222222222222224,65.2513966480447,0.21385416666666665,0.2847222222222222,0.36916666666666664,0.45249999999999996
CHN_Male_30-49_Higher,bielik_lora,bielik,CHN,Male,30-49,Higher,0.16734006755555553,0.21181818200000002,0.044478114444444494,26.57947680681922,0.13771043771043776,0.20033670033670037,0.19429292929292927,0.2306734006734007
CHN_Male_30-49_Higher,qwen_lora,qwen,CHN,Male,30-49,Higher,0.3595959597777778,0.4660269362222223,0.10643097644444449,29.597378265933923,0.3373569023569023,0.38047138047138046,0.4363973063973064,0.49296296296296294
CHN_Male_30-49_Lower,bielik_lora,bielik,CHN,Male,30-49,Lower,0.15031236088888894,0.22757697444444444,0.0772646135555555,51.40270108103058,0.12889335118250786,0.17530120481927708,0.2074966532797858,0.24587237840249887
CHN_Male_30-49_Lower,qwen_lora,qwen,CHN,Male,30-49,Lower,0.5118250777777777,0.5166711286666666,0.004846050888888898,0.9468177897670222,0.4854975457385096,0.536813922356091,0.4885252119589468,0.5443485051316377
CHN_Male_30-49_Medium,bielik_lora,bielik,CHN,Male,30-49,Medium,0.15267973811111113,0.22705882344444442,0.07437908533333329,48.715753808278514,0.12653594771241827,0.18129493464052285,0.20173202614379082,0.25158905228758177
CHN_Male_30-49_Medium,qwen_lora,qwen,CHN,Male,30-49,Medium,0.526143791,0.5250326798888889,-0.0011111111111110628,-0.2111801241632561,0.4909926470588235,0.558843954248366,0.4923325163398693,0.5568954248366013
CHN_Male_50-64_Higher,bielik_lora,bielik,CHN,Male,50-64,Higher,0.12074074077777776,0.22333333322222218,0.10259259244444442,84.96932500461062,0.06814814814814812,0.21333333333333335,0.17444444444444443,0.2751851851851852
CHN_Male_50-64_Higher,qwen_lora,qwen,CHN,Male,50-64,Higher,0.4925925925555556,0.49592592588888895,0.003333333333333355,0.6766917293741916,0.4074074074074074,0.5740740740740741,0.40694444444444444,0.5774074074074075
CHN_Male_50-64_Lower,bielik_lora,bielik,CHN,Male,50-64,Lower,0.17220472477777782,0.2851181105555555,0.11291338577777771,65.56927280798315,0.14725940507436566,0.19801399825021868,0.27019247594050744,0.3061251093613298
CHN_Male_50-64_Lower,qwen_lora,qwen,CHN,Male,50-64,Lower,0.5306211725555555,0.6216097987777778,0.09098862622222226,17.14756796906664,0.5052384076990376,0.5538057742782152,0.5922790901137357,0.6496172353455819
CHN_Male_50-64_Medium,bielik_lora,bielik,CHN,Male,50-64,Medium,0.17480748088888895,0.25434543488888894,0.079537954,45.50031474371276,0.1407040704070407,0.2144114411441144,0.22464246424642464,0.2851540154015402
CHN_Male_50-64_Medium,qwen_lora,qwen,CHN,Male,50-64,Medium,0.5214521455555556,0.6137843786666666,0.09233223311111094,17.706751021752932,0.4818481848184819,0.55995599559956,0.5697799779977998,0.6577887788778879
CHN_Male_65+_Higher,bielik_lora,bielik,CHN,Male,65+,Higher,0.13148148122222222,0.3740740741111111,0.24259259288888887,184.50704284268994,0.07518518518518519,0.26111111111111107,0.337037037037037,0.4222222222222222
CHN_Male_65+_Higher,qwen_lora,qwen,CHN,Male,65+,Higher,0.6111111112222223,0.7025925927777777,0.09148148155555547,14.969696979096403,0.537037037037037,0.6666666666666666,0.5822222222222222,0.7766666666666667
CHN_Male_65+_Lower,bielik_lora,bielik,CHN,Male,65+,Lower,0.12502732277777776,0.43850637544444443,0.31347905266666665,250.72843735432215,0.09401639344262291,0.16332422586520945,0.4066074681238615,0.4676502732240437
CHN_Male_65+_Lower,qwen_lora,qwen,CHN,Male,65+,Lower,0.5829143898888889,0.7230054643333333,0.14009107444444446,24.03287290113865,0.5437295081967213,0.6211657559198542,0.6811111111111111,0.7630783242258653
CHN_Male_65+_Medium,bielik_lora,bielik,CHN,Male,65+,Medium,0.15708994744444446,0.4000529098888889,0.24296296244444446,154.66486964760705,0.09359788359788362,0.247169312169312,0.3206878306878307,0.46354497354497354
CHN_Male_65+_Medium,qwen_lora,qwen,CHN,Male,65+,Medium,0.637248677,0.7233333329999999,0.08608465599999993,13.508801054756828,0.5525925925925926,0.7113227513227512,0.628095238095238,0.8079894179894179
SVK_Female_18-29_Higher,bielik_lora,bielik,SVK,Female,18-29,Higher,0.1775757573333333,0.3260606057777778,0.14848484844444448,83.61774753167387,0.09676767676767678,0.2785858585858586,0.21414141414141413,0.4573737373737374
SVK_Female_18-29_Higher,qwen_lora,qwen,SVK,Female,18-29,Higher,0.3629292926666667,0.16838383822222222,-0.19454545444444446,-53.604230459051216,0.25181818181818183,0.474040404040404,0.07747474747474749,0.26939393939393935
SVK_Female_18-29_Medium,bielik_lora,bielik,SVK,Female,18-29,Medium,0.204074074,0.19999999955555559,-0.004074074444444409,-1.9963704181474855,0.12537037037037038,0.29666666666666663,0.14444444444444446,0.26481481481481484
SVK_Female_18-29_Medium,qwen_lora,qwen,SVK,Female,18-29,Medium,0.27777777733333336,0.2662962962222222,-0.011481481111111191,-4.1333332066133615,0.21759259259259264,0.3333333333333333,0.17370370370370372,0.3496296296296297
SVK_Female_30-49_Higher,bielik_lora,bielik,SVK,Female,30-49,Higher,0.33407407377777776,0.2088888888888889,-0.12518518488888886,-37.47228375829027,0.2731613756613756,0.4002116402116402,0.14539682539682539,0.2697354497354498
SVK_Female_30-49_Higher,qwen_lora,qwen,SVK,Female,30-49,Higher,0.35185185155555554,0.35185185155555554,0,0,0.28835978835978837,0.417989417989418,0.28835978835978837,0.4127645502645502
SVK_Female_30-49_Lower,bielik_lora,bielik,SVK,Female,30-49,Lower,0.27769647722222224,0.18433604322222225,-0.09336043399999999,-33.61959609062299,0.19639566395663957,0.35900406504065036,0.13284552845528458,0.23753252032520325
SVK_Female_30-49_Lower,qwen_lora,qwen,SVK,Female,30-49,Lower,0.26829268300000003,0.31436314388888886,0.04607046088888883,17.17171723572082,0.2005420054200542,0.33875338753387535,0.23841463414634143,0.3929539295392954
SVK_Female_30-49_Medium,bielik_lora,bielik,SVK,Female,30-49,Medium,0.240283688,0.22711583933333335,-0.013167848666666648,-5.480125919603269,0.20009456264775413,0.2892671394799054,0.18810874704491726,0.26378841607565007
SVK_Female_30-49_Medium,qwen_lora,qwen,SVK,Female,30-49,Medium,0.28250591022222227,0.23695035466666667,-0.0455555555555556,-16.125523009313717,0.24349881796690304,0.3238770685579196,0.2003995271867612,0.28790189125295507
SVK_Female_50-64_Higher,bielik_lora,bielik,SVK,Female,50-64,Higher,0.21222222222222223,0.20777777777777776,-0.004444444444444473,-2.0942408376963484,0.14555555555555555,0.2872222222222222,0.1577777777777778,0.26
SVK_Female_50-64_Higher,qwen_lora,qwen,SVK,Female,50-64,Higher,0.20777777777777776,0.2544444444444445,0.04666666666666672,22.459893048128368,0.14222222222222222,0.28833333333333333,0.185,0.32673611111111106
SVK_Female_50-64_Lower,bielik_lora,bielik,SVK,Female,50-64,Lower,0.2174863383333333,0.20624772277777778,-0.011238615555555526,-5.167504148389548,0.15551001821493626,0.2867030965391621,0.1697941712204007,0.2518306010928961
SVK_Female_50-64_Lower,qwen_lora,qwen,SVK,Female,50-64,Lower,0.2604735878888889,0.284153005,0.0236794171111111,9.090909102542907,0.2058287795992714,0.3188069216757741,0.2185792349726776,0.34977231329690345
SVK_Female_50-64_Medium,bielik_lora,bielik,SVK,Female,50-64,Medium,0.21212121211111112,0.20333333322222222,-0.008787878888888906,-4.142857190673477,0.1654040404040404,0.26013257575757576,0.1717361111111111,0.23742424242424243
SVK_Female_50-64_Medium,qwen_lora,qwen,SVK,Female,50-64,Medium,0.23989898988888891,0.23878787877777777,-0.001111111111111146,-0.46315789475635794,0.19823232323232323,0.28538510101010095,0.19456439393939393,0.2867992424242424
SVK_Female_65+_Higher,bielik_lora,bielik,SVK,Female,65+,Higher,0.2736111111111111,0.24805555555555556,-0.025555555555555526,-9.34010152284263,0.13472222222222224,0.4408333333333333,0.16472222222222221,0.35944444444444446
SVK_Female_65+_Higher,qwen_lora,qwen,SVK,Female,65+,Higher,0.2802777777777778,0.29916666666666664,0.018888888888888844,6.739345887016832,0.1275,0.4261111111111111,0.16027777777777777,0.445
SVK_Female_65+_Lower,bielik_lora,bielik,SVK,Female,65+,Lower,0.17332138533333333,0.15044205466666666,-0.02287933066666667,-13.200523768411454,0.12430704898446836,0.2223357228195938,0.12413381123058542,0.18034050179211467
SVK_Female_65+_Lower,qwen_lora,qwen,SVK,Female,65+,Lower,0.18040621222222225,0.18040621222222222,-2.7755575615628914e-17,-1.538504426967289e-14,0.14575866188769415,0.22344683393070489,0.14692353643966546,0.22102747909199522
SVK_Female_65+_Medium,bielik_lora,bielik,SVK,Female,65+,Medium,0.188125,0.21437499999999998,0.026249999999999996,13.953488372093023,0.12041666666666669,0.26972222222222225,0.18312499999999998,0.2473611111111111
SVK_Female_65+_Medium,qwen_lora,qwen,SVK,Female,65+,Medium,0.21354166666666663,0.21354166666666666,2.7755575615628914e-17,1.2997732971221347e-14,0.1648871527777778,0.2760416666666667,0.1597222222222222,0.2760416666666667
SVK_Male_18-29_Higher,bielik_lora,bielik,SVK,Male,18-29,Higher,0.30444444444444446,0.29444444444444445,-0.010000000000000009,-3.284671532846718,0.20444444444444448,0.4044444444444445,0.21666666666666665,0.40555555555555556
SVK_Male_18-29_Higher,qwen_lora,qwen,SVK,Male,18-29,Higher,0.36666666666666664,0.2611111111111111,-0.10555555555555551,-28.78787878787878,0.2888888888888889,0.4669444444444442,0.11666666666666667,0.4277777777777778
SVK_Male_18-29_Lower,bielik_lora,bielik,SVK,Male,18-29,Lower,0.2470760231111111,0.17742690022222224,-0.06964912288888886,-28.189349177587893,0.1710526315789474,0.3172514619883041,0.11854093567251461,0.2709941520467837
SVK_Male_18-29_Lower,qwen_lora,qwen,SVK,Male,18-29,Lower,0.28654970755555553,0.29970760244444444,0.01315789488888891,4.591836788504797,0.19883040935672516,0.38011695906432746,0.18859649122807015,0.4051169590643274
SVK_Male_18-29_Medium,bielik_lora,bielik,SVK,Male,18-29,Medium,0.23435897466666664,0.1865811968888889,-0.047777777777777725,-20.3865791125486,0.1617094017094017,0.307008547008547,0.12247863247863247,0.2592307692307692
SVK_Male_18-29_Medium,qwen_lora,qwen,SVK,Male,18-29,Medium,0.21888888933333336,0.327948718,0.10905982866666661,49.82428710695573,0.1676068376068376,0.2811111111111111,0.23393162393162395,0.4262393162393162
SVK_Male_30-49_Higher,bielik_lora,bielik,SVK,Male,30-49,Higher,0.240840108,0.26065040600000006,0.01981029800000006,8.225497889246943,0.18934959349593497,0.29504065040650407,0.2010840108401084,0.3338211382113821
SVK_Male_30-49_Higher,qwen_lora,qwen,SVK,Male,30-49,Higher,0.34417344133333333,0.3224932248888889,-0.021680216444444456,-6.2992125018290075,0.2845528455284553,0.4010840108401083,0.2574525745257452,0.3875338753387534
SVK_Male_30-49_Lower,bielik_lora,bielik,SVK,Male,30-49,Lower,0.3089972901111111,0.20365853588888888,-0.10533875422222222,-34.090510691645186,0.2366937669376694,0.3876558265582655,0.1517723577235772,0.25785907859078594
SVK_Male_30-49_Lower,qwen_lora,qwen,SVK,Male,30-49,Lower,0.33333333299999995,0.39455284566666665,0.0612195126666667,18.365853818365867,0.26822493224932253,0.40379403794037944,0.3104742547425475,0.47314363143631444
SVK_Male_30-49_Medium,bielik_lora,bielik,SVK,Male,30-49,Medium,0.26091030788888886,0.21835341366666666,-0.0425568942222222,-16.31092867375154,0.21539491298527444,0.30910307898259703,0.18488487282463184,0.25980053547523424
SVK_Male_30-49_Medium,qwen_lora,qwen,SVK,Male,30-49,Medium,0.3386880856666667,0.3386880856666667,0,0,0.29049531459170014,0.3869477911646586,0.2918340026773762,0.3868808567603748
SVK_Male_50-64_Higher,bielik_lora,bielik,SVK,Male,50-64,Higher,0.28919191955555557,0.19686868733333332,-0.09232323222222225,-31.924554587869935,0.19314141414141417,0.38656565656565656,0.1413131313131313,0.2827272727272727
SVK_Male_50-64_Higher,qwen_lora,qwen,SVK,Male,50-64,Higher,0.3080808084444444,0.3020202022222222,-0.006060606222222209,-1.9672131648911542,0.2121212121212121,0.40909090909090906,0.19595959595959597,0.4080808080808081
SVK_Male_50-64_Lower,bielik_lora,bielik,SVK,Male,50-64,Lower,0.2471527777777778,0.16979166666666667,-0.07736111111111113,-31.300927226749092,0.19849826388888892,0.30270833333333336,0.13331597222222227,0.2090451388888889
SVK_Male_50-64_Lower,qwen_lora,qwen,SVK,Male,50-64,Lower,0.2760416666666667,0.3179861111111111,0.041944444444444395,15.194968553459102,0.22395833333333337,0.3263888888888889,0.25722222222222224,0.3823090277777777
SVK_Male_50-64_Medium,bielik_lora,bielik,SVK,Male,50-64,Medium,0.20799283166666663,0.16354838699999996,-0.044444444666666666,-21.36825789164417,0.1613978494623656,0.2737007168458781,0.12409677419354838,0.20655913978494622
SVK_Male_50-64_Medium,qwen_lora,qwen,SVK,Male,50-64,Medium,0.2777777781111111,0.2777777781111111,0,0,0.2168458781362007,0.34587813620071683,0.2168010752688172,0.34767025089605735
SVK_Male_65+_Higher,bielik_lora,bielik,SVK,Male,65+,Higher,0.3118300651111111,0.3061437908888889,-0.005686274222222232,-1.8235169916012113,0.1940196078431373,0.45499999999999985,0.22117647058823528,0.3976470588235294
SVK_Male_65+_Higher,qwen_lora,qwen,SVK,Male,65+,Higher,0.32294117622222224,0.33477124133333336,0.011830065111111121,3.6632259935074423,0.2052941176470588,0.4602254901960784,0.17790849673202613,0.49163398692810456
SVK_Male_65+_Lower,bielik_lora,bielik,SVK,Male,65+,Lower,0.3509961687777778,0.24582375500000003,-0.10517241377777775,-29.96397771064116,0.2609578544061303,0.4448659003831417,0.1806896551724138,0.3128735632183908
SVK_Male_65+_Lower,qwen_lora,qwen,SVK,Male,65+,Lower,0.33524904233333336,0.33524904233333336,0,0,0.2567049808429119,0.4118773946360153,0.260536398467433,0.41570881226053635
SVK_Male_65+_Medium,bielik_lora,bielik,SVK,Male,65+,Medium,0.20325581422222225,0.1728682168888889,-0.03038759733333335,-14.950419720889357,0.12315245478036176,0.2911111111111111,0.1186046511627907,0.23565891472868217
SVK_Male_65+_Medium,qwen_lora,qwen,SVK,Male,65+,Medium,0.2454780364444445,0.24547803644444446,-2.7755575615628914e-17,-1.130674500156776e-14,0.17054263565891473,0.3333333333333333,0.16795865633074936,0.3359173126614987
USA_Female_18-29_Higher,bielik_lora,bielik,USA,Female,18-29,Higher,0.2898560734444444,0.2820782956666667,-0.007777777777777717,-2.683324066786702,0.26508635578583767,0.3151871042026483,0.2550201496833621,0.3091364421416235
USA_Female_18-29_Higher,qwen_lora,qwen,USA,Female,18-29,Higher,0.3669142198888889,0.3490385718888889,-0.017875647999999966,-4.871887496051032,0.33638744962579153,0.3980166954519286,0.3237075417386298,0.37495970063327577
USA_Female_18-29_Medium,bielik_lora,bielik,USA,Female,18-29,Medium,0.3272659171111111,0.2772659171111111,-0.04999999999999999,-15.278095697030478,0.29667915106117354,0.355980024968789,0.24792009987515606,0.3059956304619226
USA_Female_18-29_Medium,qwen_lora,qwen,USA,Female,18-29,Medium,0.4058676644444444,0.297852684,-0.10801498044444441,-26.613349598149526,0.36404494382022473,0.4452091136079899,0.27286828963795257,0.32157303370786516
USA_Female_30-49_Higher,bielik_lora,bielik,USA,Female,30-49,Higher,0.30007226744444443,0.2973803072222222,-0.002691960222222234,-0.8971039693698536,0.2788324299909666,0.3240108401084011,0.2788617886178862,0.3154471544715447
USA_Female_30-49_Higher,qwen_lora,qwen,USA,Female,30-49,Higher,0.3947606143333333,0.33229448966666664,-0.06246612466666668,-15.823798625949214,0.3721657633242999,0.4164408310749774,0.3101513098464318,0.3539972899728997
USA_Female_30-49_Lower,bielik_lora,bielik,USA,Female,30-49,Lower,0.3516239314444445,0.2997435896666667,-0.05188034177777778,-14.754496818421108,0.24905982905982904,0.43709401709401713,0.23136752136752137,0.36811965811965813
USA_Female_30-49_Lower,qwen_lora,qwen,USA,Female,30-49,Lower,0.37606837588888886,0.3111965812222222,-0.06487179466666665,-17.249999953687496,0.28205128205128205,0.4700854700854701,0.22551282051282054,0.4238461538461538
USA_Female_30-49_Medium,bielik_lora,bielik,USA,Female,30-49,Medium,0.24342093133333337,0.26564315355555557,0.0222222222222222,9.129133678234002,0.21851313969571232,0.2683287229137851,0.24545873674504382,0.29007837713231904
USA_Female_30-49_Medium,qwen_lora,qwen,USA,Female,30-49,Medium,0.3789764868888889,0.2921115722222222,-0.08686491466666668,-22.920924561774825,0.35360765329645,0.4029506685108345,0.27181420009220836,0.3119363762102351
USA_Female_50-64_Higher,bielik_lora,bielik,USA,Female,50-64,Higher,0.3053387533333333,0.29447154444444446,-0.010867208888888868,-3.5590663714491932,0.27010840108401085,0.3432791327913279,0.25653116531165315,0.3324119241192412
USA_Female_50-64_Higher,qwen_lora,qwen,USA,Female,50-64,Higher,0.3197831977777778,0.3197831977777778,0,0,0.2845528455284553,0.3550135501355014,0.2845528455284553,0.3523035230352304
USA_Female_50-64_Medium,bielik_lora,bielik,USA,Female,50-64,Medium,0.27580335744444445,0.285483613,0.009680255555555572,3.509839635474881,0.2526219024780176,0.2974060751398881,0.26390087929656275,0.3078657074340528
USA_Female_50-64_Medium,qwen_lora,qwen,USA,Female,50-64,Medium,0.301358913,0.241358913,-0.06,-19.909814314999206,0.27817745803357313,0.3237410071942446,0.2181574740207834,0.26454036770583533
USA_Female_65+_Higher,bielik_lora,bielik,USA,Female,65+,Higher,0.18825396811111111,0.2293650792222222,0.0411111111111111,21.83811131505421,0.13534391534391535,0.2517460317460317,0.17867724867724868,0.2875661375661376
USA_Female_65+_Higher,qwen_lora,qwen,USA,Female,65+,Higher,0.3015873014444444,0.23280423299999997,-0.06878306844444443,-22.807017442382268,0.2433862433862434,0.35978835978835977,0.17460317460317462,0.31216931216931215
USA_Female_65+_Medium,bielik_lora,bielik,USA,Female,65+,Medium,0.15156156155555556,0.23441441422222223,0.08285285266666667,54.666138179301214,0.12453453453453456,0.1815915915915916,0.20738738738738738,0.25847597597597594
USA_Female_65+_Medium,qwen_lora,qwen,USA,Female,65+,Medium,0.30330330311111114,0.15627627644444445,-0.1470270266666667,-48.47524743665759,0.27627627627627627,0.3288663663663664,0.12174174174174175,0.19531531531531532
USA_Male_18-29_Higher,bielik_lora,bielik,USA,Male,18-29,Higher,0.32125683111111114,0.27570127555555557,-0.04555555555555557,-14.180416148038125,0.2939116575591985,0.34948998178506374,0.24473588342440802,0.3039344262295082
USA_Male_18-29_Higher,qwen_lora,qwen,USA,Male,18-29,Higher,0.333606558,0.3603642991111111,0.026757741111111122,8.020747934790636,0.29077868852459016,0.3800546448087431,0.32757741347905284,0.39132969034608384
USA_Male_18-29_Medium,bielik_lora,bielik,USA,Male,18-29,Medium,0.3547008551111111,0.28692307733333333,-0.06777777777777777,-19.108433712838433,0.319417735042735,0.3888888888888889,0.25059829059829064,0.32220619658119654
USA_Male_18-29_Medium,qwen_lora,qwen,USA,Male,18-29,Medium,0.4102564106666666,0.3281196584444444,-0.08213675222222222,-20.020833334145834,0.35790598290598286,0.4626068376068376,0.2939049145299145,0.36017094017094015
USA_Male_30-49_Higher,bielik_lora,bielik,USA,Male,30-49,Higher,0.2677251806666667,0.28994740288888887,0.0222222222222222,8.300385554652086,0.2446975673898751,0.2917307692307692,0.2685716633793556,0.3123093359631821
USA_Male_30-49_Higher,qwen_lora,qwen,USA,Male,30-49,Higher,0.35334648244444444,0.32439184733333337,-0.02895463511111107,-8.194403099983743,0.33197896120973047,0.3747140039447732,0.3020299145299145,0.348068704799474
USA_Male_30-49_Medium,bielik_lora,bielik,USA,Male,30-49,Medium,0.3647953214444445,0.28900584766666665,-0.07578947377777784,-20.77588974487985,0.3390643274853801,0.391125730994152,0.26384502923976605,0.3100730994152046
USA_Male_30-49_Medium,qwen_lora,qwen,USA,Male,30-49,Medium,0.3547953214444444,0.32789473655555557,-0.026900584888888857,-7.582001019452868,0.3255555555555556,0.3828654970760234,0.30274853801169593,0.349546783625731
USA_Male_50-64_Higher,bielik_lora,bielik,USA,Male,50-64,Higher,0.3403106332222222,0.2903106332222222,-0.04999999999999999,-14.69245892394731,0.3158183990442055,0.36659498207885305,0.264026284348865,0.31719235364396653
USA_Male_50-64_Higher,qwen_lora,qwen,USA,Male,50-64,Higher,0.3667861409999999,0.35253285544444446,-0.01425328555555544,-3.8859934883841327,0.34109916367980886,0.3883064516129032,0.32621863799283146,0.37941457586618876
USA_Male_50-64_Medium,bielik_lora,bielik,USA,Male,50-64,Medium,0.27694444444444444,0.2602777777777778,-0.016666666666666663,-6.018054162487461,0.25055555555555553,0.3040277777777778,0.23458333333333334,0.2845833333333333
USA_Male_50-64_Medium,qwen_lora,qwen,USA,Male,50-64,Medium,0.3013888888888889,0.2791666666666667,-0.0222222222222222,-7.373271889400915,0.2749826388888889,0.32987847222222216,0.25276041666666665,0.3090277777777778
USA_Male_65+_Higher,bielik_lora,bielik,USA,Male,65+,Higher,0.2901087802222222,0.2762082362222222,-0.013900544000000015,-4.791493724992484,0.2504817404817405,0.3274242424242424,0.24590520590520593,0.31762237762237766
USA_Male_65+_Higher,qwen_lora,qwen,USA,Male,65+,Higher,0.34731934733333336,0.33566433577777777,-0.011655011555555594,-3.355704669216112,0.3177933177933178,0.37995337995338,0.29524087024087026,0.3737567987567988
USA_Male_65+_Medium,bielik_lora,bielik,USA,Male,65+,Medium,0.24641414144444448,0.27237373766666667,0.025959596222222187,10.534945790874966,0.199665404040404,0.29190025252525253,0.24080808080808083,0.30520202020202025
USA_Male_65+_Medium,qwen_lora,qwen,USA,Male,65+,Medium,0.29570707100000004,0.26984848455555555,-0.025858586444444498,-8.744662870927593,0.26410984848484853,0.32727272727272727,0.21303030303030301,0.3317171717171717
